n,method,time,value_real,value_imag,reference_real,reference_imag
8,thesis,0.0,0.5999999999999998,0.0,0.6000000000000003,0.0
8,thesis,0.05,0.5996719296903186,6.572975670670621e-19,0.5996719296903192,-8.199278929394376e-19
8,thesis,0.1,0.5986883751798644,1.3010426069780725e-18,0.5986883751798651,-1.1926223897286162e-18
8,thesis,0.15000000000000002,0.5970513067260658,7.047314121088211e-19,0.5970513067260663,-2.222614453587156e-18
8,thesis,0.2,0.5947640113739079,5.692061405459604e-19,0.5947640113739086,-3.3068166260700056e-18
8,thesis,0.25,0.5918310976838999,3.2526065174454785e-18,0.5918310976839004,-4.011548038182976e-18
8,thesis,0.30000000000000004,0.5882585019628268,9.215718465996215e-19,0.5882585019628277,-3.2526065172971036e-19
8,thesis,0.35000000000000003,0.5840534956169879,-3.252606517606329e-19,0.5840534956169886,-4.553649124420697e-18
8,thesis,0.4,0.5792246931504345,5.421010860748174e-20,0.5792246931504351,-3.4694469519327895e-18
8,thesis,0.45,0.5737820602420006,1.1926223897155752e-18,0.5737820602420014,-4.878909776161632e-18
8,thesis,0.5,0.56773692125634,-3.1441863002279894e-18,0.5677369212563408,-5.42101086240217e-18
8,thesis,0.55,0.5611019654773568,2.6020852139437874e-18,0.5611019654773576,-5.421010862152918e-19
8,thesis,0.6000000000000001,0.5538912512987921,-1.3010426070052674e-18,0.5538912512987928,-4.228388472664015e-18
8,thesis,0.65,0.546120207567601,1.1926223897103243e-18,0.5461202075676015,-4.119968255413596e-18
8,thesis,0.7000000000000001,0.5378056312522451,3.577867169177541e-18,0.5378056312522456,-7.806255641862574e-18
8,thesis,0.75,0.5289656806010458,7.91467585911885e-18,0.5289656806010464,-1.7347234759421467e-18
8,thesis,0.8,0.519619862965945,-3.3610267347309197e-18,0.5196198629659455,-2.16840434493489e-18
8,thesis,0.8500000000000001,0.5097890164948428,9.32413868334915e-18,0.5097890164948434,-4.77048955889879e-18
8,thesis,0.9,0.49949528494124434,6.179952383141046e-18,0.499495284941245,-6.938893903868637e-18
8,thesis,0.9500000000000001,0.4887620849030734,3.686287386424438e-18,0.48876208490307405,-8.673617379844441e-18
8,thesis,1.0,0.4776140648827389,6.28837260038989e-18,0.4776140648827395,-1.1167282376560256e-17
8,thesis,1.05,0.4660770556570326,2.9273458656852563e-18,0.4660770556570333,-2.49366499667553e-18
8,thesis,1.1,0.45417801155706244,1.2576745200806857e-17,0.45417801155706305,-5.637851296882966e-18
8,thesis,1.1500000000000001,0.44194494238369253,4.336808689917814e-18,0.44194494238369314,-1.2576745200789828e-17
8,thesis,1.2000000000000002,0.42940683582107264,-2.1684043452034445e-19,0.4294068358210732,-8.023096076350507e-18
8,thesis,1.25,0.41659357035766537,8.673617379662794e-19,0.41659357035766603,-1.4528309111263488e-17
8,thesis,1.3,0.4035358188783273,9.974659986845788e-18,0.4035358188783279,-1.2359904766292596e-17
8,thesis,1.35,0.3902649432497977,5.20417042791098e-18,0.3902649432497983,-5.421010862385641e-18
8,thesis,1.4000000000000001,0.3768128803825354,1.9515639104721176e-17,0.37681288038253596,-2.298508605665124e-17
8,thesis,1.4500000000000002,0.3632120204111678,1.5178830414634562e-18,0.3632120204111684,-2.9056618222570646e-17
8,thesis,1.5,0.34949507779073513,1.0842021724840546e-17,0.34949507779073563,-2.5804011705114854e-17
8,thesis,1.55,0.3356949562532232,3.903127820935157e-18,0.3356949562532237,-1.2143064331798373e-17
8,thesis,1.6,0.32184460870540826,2.8189256484515564e-18,0.3218446087054088,-1.8214596497718212e-17
8,thesis,1.6500000000000001,0.30797689327168554,1.1600963245586103e-17,0.30797689327168604,-1.6479873021742548e-17
8,thesis,1.7000000000000002,0.29412442679141315,5.529431079669272e-18,0.2941244267914136,-5.421010862391678e-18
8,thesis,1.75,0.28031943716667695,1.0842021724807198e-18,0.2803194371666774,-2.3852447794646656e-17
8,thesis,1.8,0.2665936160208953,9.432558900621123e-18,0.2665936160208959,-7.372574772868508e-18
8,thesis,1.85,0.25297797316934967,9.757819552368776e-18,0.2529779731693501,-1.4745149545771568e-17
8,thesis,1.9000000000000001,0.23950269441797967,-3.3610267347038566e-18,0.23950269441798008,-2.2009304101426185e-17
8,thesis,1.9500000000000002,0.22619700419558175,1.2251484549089334e-17,0.22619700419558217,-1.929879867021426e-17
8,thesis,2.0,0.21308903448636374,1.6805133673530314e-17,0.21308903448636418,-1.6805133673499533e-17
8,thesis,2.0500000000000003,0.2002057014647196,5.746271514179951e-18,0.20020570146471997,-3.3393426912529766e-17
8,thesis,2.1,0.18757259114274497,1.3227266504331622e-17,0.1875725911427453,-1.9624059321965958e-17
8,thesis,2.15,0.17521385522468438,1.691355389078392e-17,0.1752138552246847,-1.8865117801228277e-17
8,thesis,2.2,0.16315211822305534,4.553649124450634e-18,0.16315211822305564,-2.8948198005345706e-17
8,thesis,2.25,0.15140839673105222,8.998878031642535e-18,0.1514083967310525,-2.8406096919105246e-17
8,thesis,2.3000000000000003,0.1400020315679729,1.4311468676822698e-17,0.14000203156797314,-1.9136168344356535e-17
8,thesis,2.35,0.12895063332227522,1.6425662913170473e-17,0.1289506333222754,-2.293087594805819e-17
8,thesis,2.4000000000000004,0.1182700416143044,1.6696713456292737e-17,0.11827004161430464,-1.3986208025055205e-17
8,thesis,2.45,0.10797429819193002,1.4907779871692375e-17,0.10797429819193016,-2.26598254049417e-17
8,thesis,2.5,0.09807563376168782,6.942282035713488e-18,0.098075633761688,-2.994430875133116e-17
8,thesis,2.5500000000000003,0.08858446825010181,1.9746032066409873e-17,0.08858446825010194,-1.9908662392264702e-17
8,thesis,2.6,0.07950942398920774,1.6723818510606735e-17,0.07950942398920784,-2.1250362580718016e-17
8,thesis,2.6500000000000004,0.07085735113140011,2.1263915107889825e-17,0.07085735113140017,-2.3798237686061448e-17
8,thesis,2.7,0.06263336442584218,1.9779913384300155e-17,0.0626333644258422,-2.877201515234119e-17
8,thesis,2.75,0.05484089033575004,1.933945625172762e-17,0.05484089033575008,-1.9620671190208203e-17
8,thesis,2.8000000000000003,0.047481723346428875,1.9190378453010395e-17,0.04748172334642885,-1.1099519740832388e-17
8,thesis,2.85,0.040556090210977364,2.360850230588821e-17,0.04055609021097735,-1.666960840197908e-17
8,thesis,2.9000000000000004,0.034062720806491635,2.0626946331552302e-17,0.03406272080649157,-1.2658060363785089e-17
8,thesis,2.95,0.02799892423008337,1.588356182692731e-17,0.02799892423008328,-1.772670552015715e-17
8,thesis,3.0,0.022360668752042498,1.5016200088937872e-17,0.022360668752042425,-1.452830911132718e-17
8,thesis,3.0500000000000003,0.017142664263211524,2.4719809532681984e-17,0.017142664263211448,-2.4231918555074647e-17
8,thesis,3.1,0.01233844590447327,1.3281476612958655e-17,0.012338445904473114,-2.753873518115756e-17
8,thesis,3.1500000000000004,0.007940457646782924,2.5695591487916334e-17,0.007940457646782726,-2.7213474529413962e-17
8,thesis,3.2,0.003940134698222145,2.5153490401672162e-17,0.003940134698221881,-1.5287250632075374e-17
8,thesis,3.25,0.00032798374720322335,1.8539857149509102e-17,0.0003279837472030152,-2.114194236349896e-17
8,thesis,3.3000000000000003,-0.002906339795345346,3.2092384305576385e-17,-0.002906339795345582,-1.0950441942136975e-17
8,thesis,3.35,-0.005773958221375667,2.309350627394514e-17,-0.005773958221375958,-2.309350627397627e-17
8,thesis,3.4000000000000004,-0.008286702102358493,3.230922474007037e-17,-0.008286702102358788,-1.897353801853288e-17
8,thesis,3.45,-0.010457045310589816,3.404394821604561e-17,-0.010457045310590177,-1.6154612370071968e-17
8,thesis,3.5,-0.012298044586235672,1.084202172485428e-17,-0.012298044586236068,-1.8973538018535543e-17
8,thesis,3.5500000000000003,-0.013823283561979358,2.482822974991579e-17,-0.013823283561979729,-2.4394548880964193e-17
8,thesis,3.6,-0.015046820976341677,2.970713952609911e-17,-0.015046820976342124,-2.1900883884248512e-17
8,thesis,3.6500000000000004,-0.015983142639400254,2.298508605668761e-17,-0.01598314263940072,-1.778091562880442e-17
8,thesis,3.7,-0.01664711656547243,2.5912431922397183e-17,-0.01664711656547292,-9.107298248921058e-18
8,thesis,3.75,-0.017053950560617908,1.6479873021772102e-17,-0.017053950560618356,-2.3852447794724423e-17
8,thesis,3.8000000000000003,-0.01721915145223404,1.593777193552827e-17,-0.01721915145223452,-1.7672495411557393e-17
8,thesis,3.85,-0.017158485076585926,2.3635607360174395e-17,-0.01715848507658641,-2.5153490401707546e-17
8,thesis,3.9000000000000004,-0.01688793610003153,2.9707139526092394e-17,-0.016887936100032037,-2.4069288229222042e-17
8,thesis,3.95,-0.01642366674238788,2.9273458657097514e-17,-0.016423666742388415,-4.987329993476991e-18
8,thesis,4.0,-0.015781973496801736,1.8648277366739037e-17,-0.015781973496802264,-1.192622389738387e-17
8,thesis,4.05,-0.014979240999247481,2.1250362580703875e-17,-0.01497924099924803,-8.89045781442393e-18
8,thesis,4.1000000000000005,-0.014031892291033129,2.2768245622183372e-17,-0.014031892291033632,-1.0842021724897136e-17
8,thesis,4.15,-0.012956334837253235,1.5612511283778996e-17,-0.01295633483725377,-1.2793585635370166e-17
8,thesis,4.2,-0.011768901809941074,1.8214596497744324e-17,-0.011768901809941557,-1.1926223897380711e-17
8,thesis,4.25,-0.010485788312950033,1.9949319973721415e-17,-0.010485788312950557,-5.637851296963563e-18
8,thesis,4.3,-0.009122982411872312,1.8648277366739256e-17,-0.009122982411872746,-1.7780915628799824e-17
8,thesis,4.3500000000000005,-0.007696191031578502,2.1900883884196377e-17,-0.0076961910315789805,-4.7704895589722175e-18
8,thesis,4.4,-0.006220760990822267,2.0383000842717435e-17,-0.006220760990822761,-8.890457814415424e-18
8,thesis,4.45,-0.0047115956520849996,1.8973538018487188e-17,-0.004711595652085459,-1.040834085589327e-17
8,thesis,4.5,-0.0031830678696422483,1.3986208025054915e-17,-0.0031830678696427046,-1.1926223897644769e-18
8,thesis,4.55,-0.0016489301139078864,1.1926223897333634e-17,-0.0016489301139083288,-6.830473686686959e-18
8,thesis,4.6000000000000005,-0.00012222282986865465,1.8106176280502303e-17,-0.00012222282986905537,-6.93889390393324e-18
8,thesis,4.65,0.0013848177534098484,1.6263032587278348e-17,0.0013848177534094858,-5.854691731445348e-18
8,thesis,4.7,0.0028608510114218715,1.5829351718285638e-17,0.0028608510114214915,-4.2283884727145955e-18
8,thesis,4.75,0.00429552105595537,1.45283091113046e-17,0.004295521055955016,-2.9273458657293964e-18
8,thesis,4.800000000000001,0.005679542083591949,1.3986208025063476e-17,0.005679542083591623,-1.0299920638770835e-18
8,thesis,4.8500000000000005,0.007004778378969566,1.5233040523423482e-17,0.0070047783789693166,-1.0842021724986044e-18
8,thesis,4.9,0.008264317412474326,1.0083080204119035e-17,0.008264317412474104,3.252606517353676e-19
8,thesis,4.95,0.009452534511818992,1.1438332919727626e-17,0.009452534511818787,7.31836466420298e-19
8,thesis,5.0,0.010565147664703862,1.1397675338261122e-17,0.010565147664703702,-8.267041565247121e-19
8,thesis,5.050000000000001,0.011599261124280391,8.91756286870221e-18,0.011599261124280266,2.9544509200214103e-18
8,thesis,5.1000000000000005,0.012553396638355335,8.375461782461094e-18,0.012553396638355228,2.9273458657122086e-18
8,thesis,5.15,0.013427511304195755,1.0191500421375889e-17,0.013427511304195679,3.1441863002122423e-18
8,thesis,5.2,0.014223001259607241,5.366800753816892e-18,0.01422300125960722,3.740497495082184e-18
8,thesis,5.25,0.01494269065313391,7.535205098789306e-18,0.014942690653133917,2.71050543122384e-18
8,thesis,5.300000000000001,0.015590805586620345,9.48676900941161e-19,0.015590805586620436,4.851804721885553e-18
8,thesis,5.3500000000000005,0.01617293298635969,5.990217002999929e-18,0.01617293298635981,6.803368632362245e-18
8,thesis,5.4,0.016695964628669197,3.577867169220715e-18,0.01669596462866936,9.391901319174102e-18
8,thesis,5.45,0.017168026815822374,1.3518645838372987e-18,0.01716802681582258,6.159623592454326e-18
8,thesis,5.5,0.017598396462645563,8.944667923207006e-19,0.017598396462645865,1.0293144375057853e-17
8,thesis,5.550000000000001,0.017997404606675406,-2.0328790733896097e-18,0.017997404606675697,6.179952383193407e-18
8,thesis,5.6000000000000005,0.01837632858976778,2.8189256484833978e-18,0.018376328589768082,7.670730370363297e-18
8,thesis,5.65,0.018747274371057908,-1.4094628242098808e-18,0.018747274371058272,1.1628068299937585e-17
8,thesis,5.7,0.01912305061532421,5.149960319327422e-18,0.01912305061532463,1.0028870095523529e-17
8,thesis,5.75,0.019517036352918904,3.794707603910074e-19,0.019517036352919397,7.589415207433062e-18
8,thesis,5.800000000000001,0.01994304412403536,6.505213035119929e-19,0.01994304412403591,1.18178036801283e-17
8,thesis,5.8500000000000005,0.020415180598575722,-4.11996825542481e-18,0.020415180598576336,1.2793585635366864e-17
8,thesis,5.9,0.02094770670153879,-8.890457814361805e-18,0.020947706701539347,9.7578195524089e-18
8,thesis,5.95,0.02155489927185615,-6.830473686640312e-18,0.02155489927185683,8.239936510930474e-18
8,thesis,6.0,0.022250916240112665,-9.64939933510377e-18,0.02225091624011333,1.8106176280549672e-17
8,thesis,6.050000000000001,0.023049667228636703,-2.8189256484464153e-18,0.023049667228637397,2.2442984970492617e-17
8,thesis,6.1000000000000005,0.023964691358000185,-3.577867169187759e-18,0.023964691358000847,8.890457814424562e-18
8,thesis,6.15,0.025009043889793373,-3.9031278209350524e-18,0.025009043889794257,9.649399335164985e-18
8,thesis,6.2,0.026195193150190872,-1.788933584599985e-17,0.02619519315019167,1.4528309111350145e-17
8,thesis,6.25,0.02753492896649714,-1.1817803680082945e-17,0.02753492896649794,8.239936510934426e-18
8,thesis,6.300000000000001,0.029039283614339072,-9.432558900616872e-18,0.029039283614339915,1.6371452804575737e-17
8,thesis,6.3500000000000005,0.03071846602164795,-1.2251484549081319e-17,0.030718466021648787,1.9298798670286448e-17
8,thesis,6.4,0.03258180971260006,-2.157562323245888e-17,0.03258180971260102,2.0383000842771623e-17
8,thesis,6.45,0.0346377347059542,-3.2119489359879336e-18,0.03463773470595506,2.0355895788458986e-17
8,thesis,6.5,0.03689372331351157,-8.510987054013176e-18,0.03689372331351244,2.6481638063001408e-17
8,thesis,6.550000000000001,0.03935630952141498,-1.1058862159356478e-17,0.0393563095214159,1.8431436932295705e-17
8,thesis,6.6000000000000005,0.04203108138515887,-1.5612511283797975e-17,0.042031081385159756,2.396086801197078e-17
8,thesis,6.65,0.04492269563367025,-1.74556549770257e-17,0.0449226956336712,1.420304845960009e-17
8,thesis,6.7,0.04803490346332576,-1.5178830414808488e-17,0.048034903463326714,2.0166160408269067e-17
8,thesis,6.75,0.05137058631348283,-1.8648277366764398e-17,0.051370586313483825,1.7130394325308213e-17
8,thesis,6.800000000000001,0.05493180025456908,-1.4745149545818816e-17,0.05493180025457004,2.450296909820807e-17
8,thesis,6.8500000000000005,0.0587198274908619,-2.059984127724269e-17,0.058719827490862866,1.040834085589481e-17
8,thesis,6.9,0.06273523338494526,-1.3444106938840414e-17,0.06273523338494623,1.062518129039009e-17
8,thesis,6.95,0.06697792735080108,-8.239936510911925e-18,0.06697792735080212,2.0816681711751902e-17
8,thesis,7.0,0.07144722593819879,-1.3227266504347048e-17,0.07144722593819981,2.059984127725276e-17
8,thesis,7.050000000000001,0.07614191644227088,-1.9949319973758827e-17,0.07614191644227189,2.905661822263757e-17
8,thesis,7.1000000000000005,0.08106031941798825,-1.7130394325298013e-17,0.0810603194179892,2.2876665839467976e-17
8,thesis,7.15,0.08620034855801549,-1.0842021724883406e-17,0.08620034855801648,2.0274580625500473e-17
8,thesis,7.2,0.09155956650180329,-2.179246366698814e-17,0.09155956650180425,1.4311468676827832e-17
8,thesis,7.25,0.09713523528086436,-5.312590645209417e-18,0.0971352352808653,2.1467203015229745e-17
8,thesis,7.300000000000001,0.10292436026652724,-1.3769367590597094e-17,0.10292436026652821,1.452830911132004e-17
8,thesis,7.3500000000000005,0.10892372666819798,-2.2388774861857387e-17,0.10892372666819888,2.4177708446438514e-17
8,thesis,7.4,0.11512992782807664,-2.2388774861857714e-17,0.11512992782807753,1.4609624274251392e-17
8,thesis,7.45,0.12153938476789829,-1.626303258731472e-17,0.12153938476789913,1.9461428996121454e-17
8,thesis,7.5,0.12814835666000737,-1.9969648764499426e-17,0.12814835666000812,1.472482075507282e-17
8,thesis,7.550000000000001,0.13495294211427772,-1.653408313043566e-17,0.13495294211427847,1.7780915628763746e-17
8,thesis,7.6000000000000005,0.14194907138946095,-1.9190378453024607e-17,0.1419490713894617,1.7509865085639775e-17
8,thesis,7.65,0.1491324898480585,-1.111307226800685e-17,0.14913248984805913,2.179246366695494e-17
8,thesis,7.7,0.1564987331735439,-1.6588293239057695e-17,0.15649873317354465,1.5612511283785005e-17
8,thesis,7.75,0.16404309505385806,-1.3335686721600026e-17,0.16404309505385875,2.0274580625470145e-17
8,thesis,7.800000000000001,0.1717605882020425,-9.432558900650865e-18,0.17176058820204307,1.8594067258115117e-17
8,thesis,7.8500000000000005,0.17964589973066244,-1.3118846287100058e-17,0.17964589973066308,1.723881454250579e-17
8,thesis,7.9,0.18769334201875157,-1.7889335846248414e-18,0.1876933420187522,2.6671373443127274e-17
8,thesis,7.95,0.19589680030641385,-2.0328790734125114e-17,0.19589680030641443,1.6263032587264096e-17
8,thesis,8.0,0.20424967832154015,-8.131516293661197e-18,0.20424967832154067,1.0381235801527968e-17
8,thesis,8.05,0.21274484328450272,-9.5951892265145e-18,0.21274484328450322,1.34983170474216e-17
8,thesis,8.1,0.22137457164995905,-1.8959985491355805e-17,0.22137457164995952,9.269928574726023e-18
8,thesis,8.15,0.23013049693037166,-1.550409106655592e-17,0.23013049693037207,2.2097395527943126e-17
8,thesis,8.200000000000001,0.23900356090441882,-2.040671776526139e-17,0.2390035609044192,1.82459367167759e-17
8,thesis,8.25,0.247983969446603,-1.576158908251632e-17,0.24798396944660336,2.1467203015182188e-17
8,thesis,8.3,0.25706115412391944,-2.184667377558868e-17,0.2570611541239198,6.694948415065482e-18
8,thesis,8.35,0.26622374059381043,-7.562310153089592e-18,0.2662237405938109,1.7157499379549008e-17
8,thesis,8.4,0.2754595247075287,-1.0462550964485739e-17,0.27545952470752905,2.5966642030992262e-17
8,thesis,8.450000000000001,0.2847554570774493,-1.4799359654425182e-17,0.2847554570774496,1.8594067258089494e-17
8,thesis,8.5,0.2940976367091533,-1.2956215961197273e-17,0.2940976367091536,9.5951892264586e-18
8,thesis,8.55,0.3034713141326351,-5.800481622790429e-18,0.3034713141326354,3.523657060538705e-18
8,thesis,8.6,0.3128609042953428,-1.0191500421354261e-17,0.3128609042953431,1.0625181290317835e-17
8,thesis,8.65,0.3222500093065127,-1.6263032587270697e-17,0.32225000930651293,2.16840434496692e-17
8,thesis,8.700000000000001,0.331621450950885,-2.1684043449695917e-17,0.33162145095088524,8.782037597091069e-18
8,thesis,8.75,0.3409573127238347,-7.616520261694298e-18,0.3409573127238348,3.1441863001659703e-18
8,thesis,8.8,0.3502389909823791,-3.4206578541899207e-17,0.35023899098237926,1.0625181290315632e-17
8,thesis,8.85,0.3594472546604214,-3.0879433125082355e-17,0.3594472546604215,1.3769367590523434e-17
8,thesis,8.9,0.3685623128646066,-1.735401102332387e-17,0.3685623128646067,1.0842021724812569e-17
8,thesis,8.950000000000001,0.3775638895515931,-7.413232354345727e-18,0.3775638895515933,3.469446951911298e-18
8,thesis,9.0,0.38643130439032036,-1.0706496453268932e-17,0.38643130439032036,2.059984127680463e-18
8,thesis,9.05,0.3951435588354416,-1.3877787807787688e-17,0.39514355883544156,2.818925648420796e-18
8,thesis,9.1,0.4036794263815557,-1.5016200088896293e-17,0.40367942638155596,6.613633252120702e-18
8,thesis,9.15,0.4120175459328069,-4.282598581288807e-18,0.412017545932807,8.023096076352653e-18
8,thesis,9.200000000000001,0.42013651720891815,-1.5233040523391592e-17,0.4201365172089182,1.3010426069786928e-17
8,thesis,9.25,0.42801499711651747,-2.3744027577402176e-17,0.42801499711651764,8.998878031591664e-18
8,thesis,9.3,0.43563179604286995,-1.1058862159321337e-17,0.43563179604287006,2.818925648425544e-18
8,thesis,9.35,0.44296597307671237,-1.3877787807783398e-17,0.4429659730767126,4.55364912440375e-18
8,thesis,9.4,0.44999692922622664,-1.1167282376569573e-17,0.44999692922622675,5.2041704278965904e-18
8,thesis,9.450000000000001,0.45670449778533556,-1.3118846287043604e-17,0.45670449778533556,1.3010426069504452e-18
8,thesis,9.5,0.46306903109432324,-1.16009632455642e-17,0.4630690310943234,9.974659986836279e-18
8,thesis,9.55,0.4690714830467454,-1.0408340855830624e-17,0.4690714830467455,2.385244779439667e-18
8,thesis,9.600000000000001,0.4746934868090963,-2.168404344968052e-17,0.4746934868090964,2.6020852139388007e-18
8,thesis,9.65,0.4799174273399779,-1.5937771935508156e-17,0.4799174273399781,-1.0842021725097771e-18
8,thesis,9.700000000000001,0.48472650841865594,-2.135878279793665e-17,0.4847265084186561,-4.98732999345536e-18
8,thesis,9.75,0.48910481401610234,-1.2576745200805175e-17,0.4891048140161026,1.0842021722883211e-19
8,thesis,9.8,0.4930373639620538,-1.604619215276004e-17,0.49303736396205405,-2.276824562236879e-18
8,thesis,9.850000000000001,0.496510163976565,-1.404041813366323e-17,0.4965101639765652,-1.0842021726340312e-19
8,thesis,9.9,0.49951025024148227,-1.490777987165313e-17,0.4995102502414826,2.222614453582955e-18
8,thesis,9.950000000000001,0.5020257287838604,-1.6534083130382982e-17,0.5020257287838608,-2.7647155398477935e-18
8,thesis,10.0,0.5040458100275398,-1.5666721392396264e-17,0.50404581002754,-2.0057740191053315e-18
8,thesis,10.05,0.5055608389391436,-1.141800412897046e-17,0.5055608389391437,-2.2361669807558673e-18
8,thesis,10.100000000000001,0.5065623212492003,-1.406752318798374e-17,0.5065623212492005,-2.981555974337003e-18
8,thesis,10.15,0.5070429462668997,-1.355252715605501e-17,0.5070429462669,-4.1741783640684055e-18
8,thesis,10.200000000000001,0.5069966068274759,-1.3715157481929758e-17,0.5069966068274763,-3.5236570605744574e-18
8,thesis,10.25,0.5064184169140781,-1.4203048459550183e-17,0.5064184169140784,-2.656295322583427e-18
8,thesis,10.3,0.5053047274813685,-1.3444106938812291e-17,0.5053047274813687,-2.818925648453655e-18
8,thesis,10.350000000000001,0.5036531409764596,-1.073360150760049e-17,0.5036531409764601,-4.336808689930803e-18
8,thesis,10.4,0.501462525005074,-1.398620802505895e-17,0.5014625250050745,-4.987329993419597e-18
8,thesis,10.450000000000001,0.49873302552818166,-1.2143064331835511e-17,0.4987330255281822,-6.396792817648304e-18
8,thesis,10.5,0.4954660798984589,-1.4419888894056953e-17,0.4954660798984594,-6.884683795264402e-18
8,thesis,10.55,0.49166442995852633,-1.3660947373318934e-17,0.4916644299585268,-5.9631119486494235e-18
8,thesis,10.600000000000001,0.48733213532624026,-1.2739375526708028e-17,0.48733213532624076,-8.077306184993943e-18
8,thesis,10.65,0.48247458688862066,-1.0083080204120245e-17,0.4824745868886212,-6.667843360760673e-18
8,thesis,10.700000000000001,0.4770985204178351,-8.782037597139263e-18,0.47709852041783574,-4.336808689914826e-18
8,thesis,10.75,0.47121203011262436,-6.96599895822758e-18,0.4712120301126249,-1.1140177322259463e-17
8,thesis,10.8,0.4648245817593216,-8.538092108332999e-18,0.4648245817593222,-8.86335276003812e-18
8,thesis,10.850000000000001,0.457947025100904,-8.00954354924765e-18,0.45794702510090457,-8.524539581134741e-18
8,thesis,10.9,0.4505916049029175,-1.847209451373399e-17,0.45059160490291805,-9.940778668942401e-18
8,thesis,10.950000000000001,0.4427719701142251,-9.92722614183372e-18,0.44277197011422564,-1.4264034831726953e-17
8,thesis,11.0,0.434503180440719,-1.6005534571331573e-17,0.4345031804407196,-1.0476103491604465e-17
8,thesis,11.05,0.4258017095835869,-4.878909776336595e-19,0.42580170958358743,-1.1519648082620649e-17
8,thesis,11.100000000000001,0.4166854443424481,-8.700722434212103e-18,0.4166854443424487,-1.0977546996376926e-17
8,thesis,11.15,0.40717367874928184,-1.1872013788732824e-17,0.4071736787492826,-6.071532165879195e-18
8,thesis,11.200000000000001,0.39728710238297005,-1.2576745200848898e-17,0.39728710238297055,-8.23993651084953e-18
8,thesis,11.25,0.3870477820174602,-1.1329912702490941e-17,0.3870477820174609,-7.589415207357703e-18
8,thesis,11.3,0.376479135779656,-7.318364664294824e-18,0.3764791357796567,-1.6588293238987018e-17
8,thesis,11.350000000000001,0.36560589903644714,-5.2041704279482184e-18,0.3656058990364477,-1.2522535092166153e-17
8,thesis,11.4,0.3544540812936116,-8.9988780316475e-18,0.3544540812936122,-1.6913553890732377e-17
8,thesis,11.450000000000001,0.34305091347216854,-4.770489558953935e-18,0.3430509134721692,-1.1384122811056381e-17
8,thesis,11.5,0.33142478502915457,-6.93889390392474e-18,0.33142478502915534,-1.4853569763010224e-17
8,thesis,11.55,0.31960517050841486,-8.565197162652694e-18,0.3196051705084155,-1.6913553890733052e-17
8,thesis,11.600000000000001,0.30762254524119964,2.7105054311969485e-18,0.30762254524120036,-9.866239769577789e-18
8,thesis,11.65,0.29550829006402385,-5.746271514189505e-18,0.29550829006402446,-1.5395670849254517e-17
8,thesis,11.700000000000001,0.28329458508011734,-3.3610267347208363e-18,0.28329458508011796,-1.3010426069787203e-17
8,thesis,11.75,0.2710142926582045,-8.782037597147731e-18,0.27101429265820504,-1.9190378452955508e-17
8,thesis,11.8,0.2587008300354417,1.1926223897195992e-18,0.2587008300354423,-1.951563910470222e-17
8,thesis,11.850000000000001,0.24638803206715826,-1.1926223897477721e-18,0.24638803206715884,-2.309350627390557e-17
8,thesis,11.9,0.2341100048413166,-1.7347234759897447e-18,0.23411000484131705,-1.56125112837569e-17
8,thesis,11.950000000000001,0.22190097104721224,4.119968255432788e-18,0.2219009710472128,-9.64939933508805e-18
8,thesis,12.0,0.20979510815256058,8.782037597121292e-18,0.20979510815256097,-9.757819552338136e-18
20,thesis,0.0,0.6,0.0,0.6000000000000002,0.0
20,thesis,0.05,0.5998575102129676,-1.058791184098117e-21,0.5998575102129683,3.7100043089741995e-19
20,thesis,0.1,0.5994301634299077,-7.214603128239108e-19,0.5994301634299082,4.987965268144489e-19
20,thesis,0.15000000000000002,0.5987183275525287,-1.149423709424176e-18,0.598718327552529,1.1908224447212487e-18
20,thesis,0.2,0.5977226163054745,-1.290242936905234e-18,0.5977226163054746,7.82234926789492e-19
20,thesis,0.25,0.5964438900566722,-6.865202037497612e-19,0.5964438900566726,2.2507782990916714e-18
20,thesis,0.30000000000000004,0.5948832569412467,-2.6732359815347525e-18,0.594883256941247,1.67161952140658e-18
20,thesis,0.35000000000000003,0.593042074264674,-2.0654898418798217e-18,0.5930420742646745,4.179260561752972e-18
20,thesis,0.4,0.5909219501542867,-1.0498973381219454e-18,0.590921950154287,2.1048768739272268e-18
20,thesis,0.45,0.5885247454219164,-1.1125777762187931e-18,0.5885247454219166,2.4119263173069465e-18
20,thesis,0.5,0.5858525755945209,-3.242865638563388e-18,0.5858525755945212,2.511452688609363e-18
20,thesis,0.55,0.5829078130640509,-5.374000533855237e-18,0.5829078130640514,3.56050299378385e-18
20,thesis,0.6000000000000001,0.5796930893027188,-4.252952428164199e-18,0.579693089302719,1.1790698625784198e-18
20,thesis,0.65,0.5762112970852329,-4.046276389034178e-18,0.5762112970852331,2.781656198783592e-18
20,thesis,0.7000000000000001,0.5724655926555424,-5.945324256778348e-18,0.5724655926555426,1.374734473394234e-18
20,thesis,0.75,0.5684593977722462,-7.281942247545662e-18,0.5684593977722466,3.1628210250480975e-18
20,thesis,0.8,0.5641964015641051,-8.234007280259524e-18,0.5641964015641053,2.3564456592620386e-18
20,thesis,0.8500000000000001,0.559680562125105,-5.63954536281963e-18,0.5596805621251054,3.118775311790944e-18
20,thesis,0.9,0.5549161077773046,-6.41034534482107e-18,0.554916107777305,3.809954196750488e-18
20,thesis,0.9500000000000001,0.5499075379292658,-5.924148433097129e-18,0.5499075379292663,3.014590259278734e-18
20,thesis,1.0,0.5446596234582877,-5.7784587661694155e-18,0.5446596234582879,4.244482098692012e-18
20,thesis,1.05,0.5391774065459123,-8.314475410248816e-18,0.5391774065459127,3.648170903825019e-18
20,thesis,1.1,0.5334661998982988,-5.5988877813515554e-18,0.5334661998982991,5.035610871427597e-18
20,thesis,1.1500000000000001,0.5275315852860346,-4.175872429964356e-18,0.527531585286035,1.1231656880592838e-17
20,thesis,1.2000000000000002,0.5213794113417948,-6.8652020374967845e-18,0.5213794113417949,-1.5060245802172978e-18
20,thesis,1.25,0.515015790558916,-9.10899231477345e-18,0.5150157905589162,1.103599226977716e-17
20,thesis,1.3,0.5084470954394236,-7.707999820014862e-18,0.5084470954394237,5.624298769769468e-18
20,thesis,1.35,0.5016799537462573,-1.0035646359069702e-17,0.5016799537462573,7.54875762593127e-18
20,thesis,1.4000000000000001,0.49472124282136076,-2.9222636680281115e-18,0.4947212428213608,1.4607930208348644e-17
20,thesis,1.4500000000000002,0.4875780829388412,-1.5890338090491472e-17,0.4875780829388413,9.26315231117404e-18
20,thesis,1.5,0.48025782967049296,-1.438092537848433e-17,0.48025782967049313,9.415618241679844e-18
20,thesis,1.55,0.4727680652495376,-7.301424005332909e-18,0.4727680652495376,3.51349266521191e-18
20,thesis,1.6,0.46511658892734065,-1.5512561396016116e-17,0.4651165889273408,5.629380967453183e-18
20,thesis,1.6500000000000001,0.45731140632704437,-5.637851296925505e-18,0.4573114063270444,1.2756316185650897e-17
20,thesis,1.7000000000000002,0.4493607178073611,-9.864545703724485e-18,0.4493607178073612,1.0435445910184609e-18
20,thesis,1.75,0.44127290585912854,-1.1748346978418067e-17,0.44127290585912854,4.677315934739439e-18
20,thesis,1.8,0.4330565215664731,-8.06205959196737e-18,0.4330565215664733,1.0528619534372175e-17
20,thesis,1.85,0.4247202701734835,-1.0122043719689847e-17,0.4247202701734835,9.081887260461858e-18
20,thesis,1.9000000000000001,0.41627299580601407,-1.2554722344204215e-17,0.4162729958060142,4.7959005473551266e-18
20,thesis,1.9500000000000002,0.40772366540653515,-1.114017732228955e-17,0.4077236654065351,4.301233306158643e-18
20,thesis,2.0,0.39908135194768374,-7.428478947421223e-18,0.3990813519476838,4.20467155017168e-18
20,thesis,2.0500000000000003,0.39035521699728404,-1.1074108752403747e-17,0.390355216997284,1.2486959708424255e-17
20,thesis,2.1,0.381554492713983,-7.199780051662591e-18,0.38155449271398295,1.3459353531872218e-17
20,thesis,2.15,0.37268846335822076,-1.3398367159669575e-17,0.3726884633582207,1.1414615997200363e-17
20,thesis,2.2,0.36376644640796574,-1.5839516113656483e-17,0.3637664464079655,1.009155053358917e-17
20,thesis,2.25,0.3547977733724306,-1.1504401489608986e-17,0.35479777337243057,1.2053278839430153e-17
20,thesis,2.3000000000000003,0.3457917703998235,-1.2287059932871972e-17,0.34579177039982334,6.029180518557593e-18
20,thesis,2.35,0.3367577387770454,-4.704420989051486e-18,0.33675773877704523,1.9649470310406766e-17
20,thesis,2.4000000000000004,0.32770493542013,-1.8861729669459872e-17,0.32770493542012985,1.2053278839430222e-17
20,thesis,2.45,0.3186425534541254,-1.263095530945725e-17,0.3186425534541253,1.5004341627664226e-17
20,thesis,2.5,0.3095797029800789,-1.5233040523422468e-17,0.3095797029800787,1.3510175508707662e-17
20,thesis,2.5500000000000003,0.3005253921248319,-2.2415879916138944e-17,0.3005253921248317,6.3764640269319645e-18
20,thesis,2.6,0.2914885084665119,-4.0826988057668755e-18,0.2914885084665117,6.705112810466652e-18
20,thesis,2.6500000000000004,0.28247780092498315,-1.746243124059581e-17,0.28247780092498287,7.829972564420382e-18
20,thesis,2.7,0.2735018622021554,-1.1990598401333039e-17,0.27350186220215505,6.217221832848212e-18
20,thesis,2.75,0.26456911185202175,-1.6954211472243243e-17,0.2645691118520215,1.2712270472394207e-17
20,thesis,2.8000000000000003,0.2556877800546954,-9.137791434980566e-18,0.25568778005469506,1.6845791254995208e-17
20,thesis,2.85,0.24686589216260868,-1.48163003133734e-17,0.2468658921626084,7.79609124653028e-18
20,thesis,2.9000000000000004,0.2381112540805412,-6.359523367986468e-18,0.23811125408054096,1.2749539922073444e-17
20,thesis,2.95,0.2294314385343169,-2.368304120523142e-17,0.22943143853431652,1.0225381739255642e-17
20,thesis,3.0,0.22083377227596757,-5.634463165136792e-18,0.22083377227596718,1.270210607702723e-17
20,thesis,3.0500000000000003,0.21232532426597805,-1.4037030001899452e-17,0.21232532426597767,4.8009827450391285e-18
20,thesis,3.1,0.20391289486598632,-1.6717042247012058e-17,0.203912894865986,2.1741641690125147e-17
20,thesis,3.1500000000000004,0.19560300606810022,-4.912791094076131e-18,0.19560300606809986,1.3698216822998323e-17
20,thesis,3.2,0.1874018927798798,-6.569587538905541e-18,0.18740189277987937,1.0703108321507126e-17
20,thesis,3.25,0.17931549517708384,-8.626183534838981e-18,0.1793154951770834,1.620543434687107e-17
20,thesis,3.3000000000000003,0.17134945212956493,-1.4755313941171095e-17,0.1713494521295645,7.064254780102669e-18
20,thesis,3.35,0.16350909569925565,-1.2881677061844581e-17,0.1635090956992552,8.77864946534538e-18
20,thesis,3.4000000000000004,0.1557994467030823,-7.82997256441993e-18,0.1557994467030819,1.1296031384585167e-17
20,thesis,3.45,0.14822521132790176,-1.230569465771165e-17,0.1482252113279013,1.0194888553154583e-17
20,thesis,3.5,0.14079077877920843,-2.469609261014755e-17,0.14079077877920795,1.2996873542671812e-17
20,thesis,3.5500000000000003,0.1335002199404426,-1.9986589423413633e-17,0.1335002199404421,1.0980935128206582e-17
20,thesis,3.6,0.12635728701524176,-2.0992864564751735e-17,0.12635728701524132,1.5626063810949166e-17
20,thesis,3.6500000000000004,0.11936541412094495,-1.1472214237613393e-17,0.11936541412094444,1.128925512100715e-17
20,thesis,3.7,0.11252771879807658,-1.5876785563335746e-17,0.11252771879807608,1.405058252905617e-17
20,thesis,3.75,0.10584700439740433,-7.653789711390992e-18,0.1058470043974038,1.4067523188001254e-17
20,thesis,3.8000000000000003,0.09932576330347792,-4.597694837697467e-18,0.09932576330347742,2.362205483302976e-17
20,thesis,3.85,0.09296618095130176,-2.1243586317138965e-17,0.09296618095130127,4.963613070912029e-18
20,thesis,3.9000000000000004,0.08677014059095446,-1.082846919770008e-17,0.08677014059095398,2.940898392868756e-18
20,thesis,3.95,0.08073922875353529,-8.199278929422721e-18,0.0807392287535348,1.0669227003616988e-17
20,thesis,4.0,0.07487474137075394,-1.8699099343587016e-17,0.07487474137075344,1.5565077438746838e-17
20,thesis,4.05,0.06917769049978138,-1.0238934266411052e-17,0.0691776904997809,1.6625562688709216e-17
20,thesis,4.1000000000000005,0.063648811604605,-1.4430053289425318e-17,0.06364881160460448,1.5514255461911565e-17
20,thesis,4.15,0.05828857134506912,-1.1905895106607489e-17,0.05828857134506862,9.002266163420494e-18
20,thesis,4.2,0.053097175824993986,-3.4355656340644714e-18,0.05309717582499347,1.639516972705602e-17
20,thesis,4.25,0.04807457925124046,-1.6357900277376062e-17,0.048074579251239924,7.525040703408973e-18
20,thesis,4.3,0.04322049295628269,-2.6034404666809174e-17,0.043220492956282185,-6.945670167467714e-19
20,thesis,4.3500000000000005,0.038534394737756404,-1.0467633162169628e-17,0.038534394737755905,1.2324329382551811e-17
20,thesis,4.4,0.034015538469532265,-7.816420037263651e-18,0.03401553846953176,9.534202854296132e-18
20,thesis,4.45,0.029662963940101393,-2.1240198185349784e-17,0.02966296394010092,2.1121613572734943e-17
20,thesis,4.5,0.025475506875438467,-8.968384845529466e-18,0.02547550687543799,6.820309291293319e-18
20,thesis,4.55,0.021451809104991164,-1.3688052427630409e-17,0.021451809104990685,6.081696561302623e-19
20,thesis,4.6000000000000005,0.017590328831033734,-1.2688553549870317e-17,0.01759032883103326,6.323947984202262e-18
20,thesis,4.65,0.013889350963282827,-1.7941851888741468e-17,0.01388935096328236,9.517262195350953e-18
20,thesis,4.7,0.010346997482399336,-9.452887691358852e-18,0.01034699748239885,1.0545560193317652e-17
20,thesis,4.75,0.006961237797776187,-9.205554070760576e-18,0.00696123779777574,1.1373958415732337e-17
20,thesis,4.800000000000001,0.0037298990668208063,-8.621101337155089e-18,0.0037298990668203527,5.126243396784592e-18
20,thesis,4.8500000000000005,0.0006506764447764444,-1.0391400196916555e-17,0.0006506764447759866,1.1616209838647017e-17
20,thesis,4.9,-0.0022788567640208354,-1.2439525863377431e-17,-0.0022788567640212665,1.9237812298041185e-17
20,thesis,4.95,-0.005061239080695888,-4.013242104091631e-18,-0.005061239080696292,1.6047886218681463e-17
20,thesis,5.0,-0.007699110977587055,-9.99160064581246e-18,-0.007699110977587416,4.189424957121229e-18
20,thesis,5.050000000000001,-0.010195205178734294,-1.703044443749567e-17,-0.010195205178734675,1.2016009389750936e-17
20,thesis,5.1000000000000005,-0.01255233715680149,7.098136097984156e-19,-0.012552337156801853,7.067642911891283e-18
20,thesis,5.15,-0.014773395846309769,-1.3350933314622948e-17,-0.014773395846310105,4.4689458297150575e-18
20,thesis,5.2,-0.016861334591260595,-1.5746342489458084e-17,-0.01686133459126092,1.915988526689361e-17
20,thesis,5.25,-0.01881916234345685,2.9917203697015717e-18,-0.01881916234345715,1.6960987735821413e-17
20,thesis,5.300000000000001,-0.02064993512609126,-9.917061746453942e-18,-0.020649935126091583,8.155233216165673e-18
20,thesis,5.3500000000000005,-0.022356747775472904,-6.945670167485831e-18,-0.022356747775473224,2.0028941070776418e-17
20,thesis,5.4,-0.02394272597210589,-5.24652207529368e-18,-0.02394272597210619,-1.670348971984284e-18
20,thesis,5.45,-0.02541101857073075,1.0323637561134893e-17,-0.025411018570731005,1.9378419767285042e-17
20,thesis,5.5,-0.026764790237392633,-2.8629713617244646e-19,-0.02676479023739288,8.405954968552798e-18
20,thesis,5.550000000000001,-0.02800721440012095,-1.5605735020213695e-17,-0.028007214400121196,8.9853255044747e-18
20,thesis,5.6000000000000005,-0.0291414665184007,7.355634113955902e-18,-0.029141466518400938,2.2861419246394608e-17
20,thesis,5.65,-0.030170717675294757,1.2163393122567602e-18,-0.03017071767529496,3.3000403625037533e-18
20,thesis,5.7,-0.03109812849484871,-1.7035526635178877e-17,-0.03109812849484889,4.563813519807127e-18
20,thesis,5.75,-0.03192684338628403,-9.9543311961329e-18,-0.03192684338628421,-2.7054232335293212e-18
20,thesis,5.800000000000001,-0.03265998511546725,-8.556726833163278e-18,-0.032659985115467416,1.5586253262427253e-17
20,thesis,5.8500000000000005,-0.033300649703243486,-1.651629543851191e-17,-0.033300649703243645,-4.2859867130984984e-19
20,thesis,5.9,-0.03385190164944134,-5.977511508773878e-18,-0.033851901649441477,-5.3862825115893155e-18
20,thesis,5.95,-0.034316769480700095,-6.909247750753581e-18,-0.03431676948070023,4.554496157387107e-18
20,thesis,6.0,-0.03469824161973604,-1.0240628332306748e-18,-0.03469824161973612,1.2804597063643947e-17
20,thesis,6.050000000000001,-0.034999262573250735,2.2946122541117012e-18,-0.034999262573250776,3.3788144265980442e-18
20,thesis,6.1000000000000005,-0.03522272943538077,3.3254513509202125e-18,-0.0352227294353808,7.287024445229339e-18
20,thesis,6.15,-0.03537148870338765,-4.346973085309212e-18,-0.035371488703387716,3.759132219915128e-18
20,thesis,6.2,-0.03544833340216847,6.001228431295571e-19,-0.035448333402168505,5.015282080693206e-18
20,thesis,6.25,-0.035456000514117986,-1.2191874605423267e-17,-0.03545600051411798,8.266618048728788e-18
20,thesis,6.300000000000001,-0.03539716871086393,2.9053230090816628e-19,-0.03539716871086392,9.067911216831307e-18
20,thesis,6.3500000000000005,-0.035274456383405255,-7.030373462213756e-20,-0.03527445638340524,1.5246593050577748e-17
20,thesis,6.4,-0.03509041996717717,-1.0880138207481491e-17,-0.03509041996717712,1.0008964821230731e-17
20,thesis,6.45,-0.03484755255851806,-9.431711867676378e-19,-0.03484755255851804,2.462748294142117e-18
20,thesis,6.5,-0.03454828281888728,-1.375369748104165e-17,-0.0345482828188872,9.071299348620116e-18
20,thesis,6.550000000000001,-0.034194974162950684,-6.855884675076225e-18,-0.03419497416295067,8.636771446678607e-18
20,thesis,6.6000000000000005,-0.033789924226279654,2.8354427909348686e-19,-0.0337899242262796,1.4909897454044623e-18
20,thesis,6.65,-0.033335364607874375,-4.278575174818147e-18,-0.03333536460787431,-6.960493244061944e-19
20,thesis,6.7,-0.03283346088199946,2.646977960169854e-18,-0.0328334608819994,1.4787924709639175e-17
20,thesis,6.75,-0.03228631287289106,-1.1070402983258292e-17,-0.032286312872891,4.7636074162396974e-18
20,thesis,6.800000000000001,-0.031695955184748346,4.573183821787385e-19,-0.03169595518474826,5.3536982129002714e-18
20,thesis,6.8500000000000005,-0.031064357978056283,-9.756178426033985e-18,-0.031064357978056203,1.3906904565376135e-17
20,thesis,6.9,-0.030393427981702123,4.520932476851698e-18,-0.03039342798170204,8.65455913857057e-18
20,thesis,6.95,-0.029685009728560436,-1.1104707817621979e-17,-0.029685009728560335,-2.8579950431547147e-18
20,thesis,7.0,-0.028940887000251624,1.106796776353546e-17,-0.028940887000251526,1.292508750038983e-17
20,thesis,7.050000000000001,-0.028162784464656122,-7.422126200312224e-19,-0.028162784464656025,4.625435166718513e-18
20,thesis,7.1000000000000005,-0.027352369487530684,-4.6921390113148115e-18,-0.02735236948753063,-2.4280199433049138e-18
20,thesis,7.15,-0.026511254097270877,-1.567857985367298e-18,-0.026511254097270773,1.1890648513555352e-17
20,thesis,7.2,-0.025640997079546056,-2.47757137071839e-18,-0.025640997079545987,-2.76132740804959e-18
20,thesis,7.25,-0.024743106176261846,-2.5360166440789107e-18,-0.024743106176261746,1.968081052944742e-18
20,thesis,7.300000000000001,-0.023819040361135406,2.471642140088539e-18,-0.023819040361135323,7.914675859143504e-18
20,thesis,7.3500000000000005,-0.0228702121621754,4.3893247326723005e-18,-0.022870212162175274,2.9790148754926417e-18
20,thesis,7.4,-0.021897989999592946,-6.6619141301545306e-18,-0.021897989999592877,-9.476604613881898e-18
20,thesis,7.45,-0.020903700506208663,-1.1070720620608034e-18,-0.020903700506208604,5.9690411793002156e-18
20,thesis,7.5,-0.019888630796310022,7.105759394516919e-18,-0.01988863079630999,9.078499128670699e-18
20,thesis,7.550000000000001,-0.01885403064822092,6.576363802483004e-18,-0.01885403064822088,-2.7562452103664374e-18
20,thesis,7.6000000000000005,-0.01780111456560722,9.17251978581746e-18,-0.01780111456560715,-2.8104553189907646e-18
20,thesis,7.65,-0.01673106368280567,1.4461393508473335e-17,-0.016731063682805653,8.623642435994984e-18
20,thesis,7.7,-0.015645027480258658,4.08947506934445e-18,-0.015645027480258675,5.4269400930572045e-18
20,thesis,7.75,-0.014544125277476515,5.736954151754089e-18,-0.014544125277476548,4.446075940136675e-18
20,thesis,7.800000000000001,-0.013429447472855158,8.74646221334864e-18,-0.013429447472855214,-3.1289397071585838e-18
20,thesis,7.8500000000000005,-0.012302056502133188,3.702381012449304e-18,-0.012302056502133247,5.061868892790452e-18
20,thesis,7.9,-0.011162987490276851,-3.835365185166692e-18,-0.011162987490276942,6.013933925492579e-19
20,thesis,7.95,-0.010013248575103738,-2.266660166851707e-18,-0.010013248575103833,-1.9617283058423027e-18
20,thesis,8.0,-0.008853820884962876,9.183531214131947e-18,-0.008853820884962995,1.5393976783398265e-17
20,thesis,8.05,-0.007685658157238295,2.795208725947621e-19,-0.007685658157238433,-2.312399946005676e-18
20,thesis,8.1,-0.006509685989275115,-5.597193715455553e-18,-0.006509685989275306,-4.0657581468354506e-19
20,thesis,8.15,-0.005326800718489809,-7.843525091573938e-18,-0.0053268007184900466,1.1921141699655498e-17
20,thesis,8.200000000000001,-0.004137867933843464,3.0764236644285217e-18,-0.004137867933843698,-1.3620289791864832e-18
20,thesis,8.25,-0.002943720626458451,7.638543118340202e-18,-0.0029437206264587,-5.42439899421815e-18
20,thesis,8.3,-0.0017451569928706875,2.9324280633953276e-18,-0.0017451569928709442,-6.539094352819719e-19
20,thesis,8.35,-0.0005429379101441748,-1.2705494208718736e-19,-0.0005429379101445024,-3.1441863002096554e-18
20,thesis,8.4,0.0006622158922432698,8.00784948334313e-18,0.0006622158922429486,3.7913194719085165e-18
20,thesis,8.450000000000001,0.0018696269332926189,4.230082538588968e-18,0.0018696269332922196,2.2480254420111436e-18
20,thesis,8.5,0.0030786643183810737,3.164515090943074e-18,0.0030786643183806743,5.2261932845572266e-18
20,thesis,8.55,0.004288747273373876,1.3699910888892077e-17,0.00428874727337347,-1.2129511804700006e-18
20,thesis,8.6,0.005499348829518293,6.69325434920452e-18,0.005499348829517833,-1.4755313941188684e-18
20,thesis,8.65,0.006709999609510436,5.53620734325516e-18,0.006709999609509964,-5.609052176719887e-18
20,thesis,8.700000000000001,0.007920291661470546,1.2652978166085806e-17,0.007920291661470076,1.6771252355615718e-18
20,thesis,8.75,0.009129882284507868,1.443344142121436e-17,0.009129882284507314,-1.9701986353154763e-18
20,thesis,8.8,0.010338497787159397,-5.158430648777596e-18,0.010338497787158831,-3.1458803661044744e-18
20,thesis,8.85,0.011545937118299906,1.3777837920039556e-17,0.011545937118299302,-7.997685087977135e-18
20,thesis,8.9,0.012752075309199813,6.427286003766748e-18,0.012752075309199164,1.7584403984978695e-18
20,thesis,8.950000000000001,0.013956866665281087,1.1318054241213089e-17,0.01395686666528041,-3.586337498676791e-18
20,thesis,9.0,0.015160347646830892,7.90281739788376e-18,0.01516034764683018,-7.181145326824066e-18
20,thesis,9.05,0.01636263937948827,1.9264917352352953e-17,0.01636263937948755,-4.704420989052514e-18
20,thesis,9.1,0.017563949737735063,1.0615016894992047e-17,0.017563949737734313,-2.3445871980020546e-18
20,thesis,9.15,0.01876457494789441,9.434252966519562e-18,0.01876457494789364,-2.2192263218084378e-18
20,thesis,9.200000000000001,0.019964900661247637,1.4038724067793945e-17,0.019964900661246822,-2.72236389247751e-18
20,thesis,9.25,0.021165402452796873,1.0135596246846137e-17,0.021165402452796037,-6.019016123191264e-18
20,thesis,9.3,0.02236664570688051,1.1665337749587409e-17,0.022366645706879632,-7.71138795180537e-18
20,thesis,9.35,0.023569284857226945,5.952947553304413e-18,0.02356928485722599,-1.2603850255146223e-17
20,thesis,9.4,0.024774061956044622,8.700722434197367e-18,0.02477406195604372,9.825582187925308e-20
20,thesis,9.450000000000001,0.02598180455429294,8.731215620298527e-18,0.02598180455429199,-1.524659305080301e-19
20,thesis,9.5,0.02719342288326489,1.4745149545804062e-17,0.027193422883263874,-4.44861703898185e-18
20,thesis,9.55,0.028409906335924964,8.992101768052857e-18,0.028409906335923916,-1.2675001022715623e-17
20,thesis,9.600000000000001,0.02963231925494821,2.0911549401815372e-17,0.029632319254947193,-1.4291139886076833e-17
20,thesis,9.65,0.030861796042983405,9.317362419798512e-18,0.030861796042982326,9.90012108750598e-18
20,thesis,9.700000000000001,0.03209953561915298,2.1453650488058127e-17,0.032099535619151943,-7.416620486160937e-18
20,thesis,9.75,0.033346795254080346,1.118422303554699e-17,0.03334679525407924,1.3078188705583556e-18
20,thesis,9.8,0.03460488382364128,-1.5924219408260163e-19,0.03460488382364023,-4.7637132953604685e-18
20,thesis,9.850000000000001,0.03587515452903769,1.1766981703257945e-17,0.03587515452903655,-6.159623592435552e-18
20,thesis,9.9,0.03715899713754767,1.1468826105824428e-17,0.037158997137546584,-6.349358972620512e-18
20,thesis,9.950000000000001,0.03845782980429085,1.2593685859778136e-17,0.03845782980428968,-9.547755381452744e-18
20,thesis,10.0,0.039773090540442764,5.275321195500977e-18,0.03977309054044165,-9.683280653013425e-18
20,thesis,10.05,0.04110622839744889,2.4899380517488602e-17,0.04110622839744778,-9.452887691360246e-18
20,thesis,10.100000000000001,0.04245869443982864,1.1116460399766622e-17,0.04245869443982752,-4.546872860863327e-18
20,thesis,10.15,0.04383193258108496,1.6469708626413793e-17,0.04383193258108389,-2.1751806085492664e-17
20,thesis,10.200000000000001,0.045227370357988524,1.4972154375668184e-17,0.04522737035798739,-7.48777125373023e-18
20,thesis,10.25,0.046646409718089546,6.102025352021144e-18,0.04664640971808848,-1.2431055533906312e-17
20,thesis,10.3,0.04809041789373299,1.7980815404315443e-17,0.0480904178937319,-9.27670483833128e-18
20,thesis,10.350000000000001,0.0495607184331457,2.3232419677292096e-17,0.049560718433144635,-9.44949955957114e-18
20,thesis,10.4,0.051058582455407724,1.713378245706112e-17,0.05105858245540663,-9.442723295993083e-18
20,thesis,10.450000000000001,0.05258522019137895,1.6256256323705657e-17,0.05258522019137794,-3.808260130857456e-18
20,thesis,10.5,0.05414177286705385,2.152818938741641e-17,0.054141772867052816,-8.880293419016183e-18
20,thesis,10.55,0.0557293049794805,1.143155665614514e-17,0.05572930497947949,-1.3447495070611346e-17
20,thesis,10.600000000000001,0.05734879700844742,1.1987210269543948e-17,0.05734879700844649,6.2070574374774675e-18
20,thesis,10.65,0.059001138599777826,2.115549489062448e-17,0.05900113859977694,-1.172971225357957e-17
20,thesis,10.700000000000001,0.06068712224843193,1.22785896033994e-17,0.06068712224843105,6.640738306453831e-19
20,thesis,10.75,0.06240743750188139,2.1717924767601305e-17,0.06240743750188057,-3.48299947911164e-18
20,thesis,10.8,0.06416266569655452,1.2996873542671015e-17,0.06416266569655374,-1.0997875787151762e-17
20,thesis,10.850000000000001,0.06595327523271817,1.7103289270959846e-17,0.06595327523271739,-1.7069407953070552e-17
20,thesis,10.9,0.06777961738613046,1.533129634530383e-17,0.06777961738612975,-1.751664134923749e-18
20,thesis,10.950000000000001,0.06964192264830737,2.627157389204036e-17,0.0696419226483067,-9.44272329599276e-18
20,thesis,11.0,0.07154029758142463,2.3290017917705204e-17,0.07154029758142401,-1.1035145236830806e-17
20,thesis,11.05,0.07347472216885186,1.573109589640781e-17,0.07347472216885127,-3.571090905625872e-18
20,thesis,11.100000000000001,0.07544504763815492,2.6274962023829318e-17,0.07544504763815436,-4.1131919918685834e-18
20,thesis,11.15,0.0774509947302001,2.5165348862926166e-17,0.07745099473019962,2.0870891820329363e-18
20,thesis,11.200000000000001,0.07949215238577206,1.2529311355786493e-17,0.07949215238577162,-1.729641278294898e-18
20,thesis,11.25,0.0815679768199084,2.5743025332953556e-17,0.08156797681990804,-1.3523728035863732e-17
20,thesis,11.3,0.08367779095394426,2.5495691712355278e-17,0.08367779095394398,-1.4292833951970592e-17
20,thesis,11.350000000000001,0.08582078417601943,8.07052992143979e-18,0.08582078417601914,-3.9251506775779084e-18
20,thesis,11.4,0.08799601240248073,1.923950636393497e-17,0.08799601240248052,2.7003410358452762e-18
20,thesis,11.450000000000001,0.09020239841512756,2.914132151733772e-17,0.09020239841512738,-1.0411728987651245e-17
20,thesis,11.5,0.09243873245251423,1.7757198706239898e-17,0.09243873245251416,-1.0303308770402645e-17
20,thesis,11.55,0.09470367303742942,1.7948628152319345e-17,0.09470367303742941,-4.49774494992162e-18
20,thesis,11.600000000000001,0.09699574802708627,1.786053672580487e-17,0.09699574802708635,-8.365297387084704e-18
20,thesis,11.65,0.0993133558773659,1.5746342489458112e-17,0.09931335587736598,-1.2805444096591696e-17
20,thesis,11.700000000000001,0.10165476711750322,1.0528619534371597e-17,0.10165476711750338,-9.239435388651037e-18
20,thesis,11.75,0.10401812603676304,1.7299800914722446e-17,0.10401812603676315,1.7160887511361374e-18
20,thesis,11.8,0.10640145258978295,1.444191175068641e-17,0.10640145258978327,-4.179260561753739e-18
20,thesis,11.850000000000001,0.10880264453221898,4.302927372052409e-18,0.1088026445322193,-1.2918946511523555e-17
20,thesis,11.9,0.11121947980300124,1.7950322218213666e-17,0.11121947980300162,-7.640237184242882e-19
20,thesis,11.950000000000001,0.11364961917376899,1.653069499861543e-17,0.11364961917376942,-1.134854742731397e-17
20,thesis,12.0,0.11609060918979618,1.7326905969034445e-17,0.11609060918979663,-1.3823577699198138e-18
40,thesis,0.0,0.5999999999999986,0.0,0.6000000000000009,0.0
40,thesis,0.05,0.5999268776813226,7.901125813534896e-22,0.5999268776813244,-5.0193216172141355e-20
40,thesis,0.1,0.5997075429047117,-2.3201072013616038e-20,0.5997075429047137,1.7949488420155638e-19
40,thesis,0.15000000000000002,0.5993420922348794,-2.896753417936186e-19,0.5993420922348814,6.183464592048213e-20
40,thesis,0.2,0.5988306867009258,-1.1384135218806787e-19,0.5988306867009277,1.393385741845567e-19
40,thesis,0.25,0.5981735519272107,-1.9037148207599185e-20,0.5981735519272129,-2.256288149151716e-19
40,thesis,0.30000000000000004,0.5973709783145933,3.0403312927601224e-19,0.5973709783145953,8.569260273804333e-19
40,thesis,0.35000000000000003,0.5964233212700618,2.754647924602688e-19,0.596423321270064,-2.3957135773005953e-19
40,thesis,0.4,0.5953310014822402,-6.593154741736562e-19,0.5953310014822419,2.3985342631893703e-19
40,thesis,0.45,0.5940945052397054,1.102326113296852e-18,0.5940945052397074,5.090932710794344e-19
40,thesis,0.5,0.59271438478855,3.698849778413607e-19,0.5927143847885517,-4.650417675579267e-19
40,thesis,0.55,0.5911912587250963,1.3061430026396615e-19,0.5911912587250979,9.897439367962342e-19
40,thesis,0.6000000000000001,0.5895258124192069,9.365917921754756e-20,0.5895258124192089,1.0874968328653006e-18
40,thesis,0.65,0.5877187984631597,-5.595603874319026e-19,0.5877187984631614,-6.186955294233276e-19
40,thesis,0.7000000000000001,0.5857710371406224,-1.156927891941098e-19,0.5857710371406243,-2.48946622792737e-19
40,thesis,0.75,0.5836834169098623,-1.9320209413216565e-19,0.583683416909864,-7.66707092330504e-19
40,thesis,0.8,0.5814568948949347,-2.5666330800917927e-18,0.5814568948949366,-1.6499804765819778e-18
40,thesis,0.8500000000000001,0.5790924973782627,-7.659783462108334e-19,0.5790924973782648,-1.1130012926921541e-18
40,thesis,0.9,0.5765913202877013,-9.733293647207254e-19,0.576591320287703,1.1757594857665452e-18
40,thesis,0.9500000000000001,0.5739545296709153,3.3661866873662625e-19,0.5739545296709169,1.089309185587403e-18
40,thesis,1.0,0.5711833621496655,-3.165173526709561e-19,0.5711833621496671,6.831105652646627e-19
40,thesis,1.05,0.5682791253464125,5.655202237453637e-19,0.5682791253464142,-3.266966372890477e-19
40,thesis,1.1,0.5652431982754994,9.771252965517507e-19,0.5652431982755011,-7.678684539105299e-19
40,thesis,1.1500000000000001,0.5620770316910818,3.396686490912236e-18,0.5620770316910836,2.1047511424738237e-18
40,thesis,1.2000000000000002,0.5587821483839217,9.496662089374414e-19,0.5587821483839236,-2.9237525931299807e-19
40,thesis,1.25,0.5553601434191617,-1.123149144446939e-18,0.5553601434191634,1.9380444705423363e-18
40,thesis,1.3,0.5518126843072463,-2.9048283550759307e-18,0.5518126843072482,1.0752355346454242e-18
40,thesis,1.35,0.5481415111002574,-2.2493869813011623e-18,0.5481415111002591,7.214255712381176e-19
40,thesis,1.4000000000000001,0.544348436406085,2.306513728765326e-18,0.5443484364060868,-3.1118600818693963e-18
40,thesis,1.4500000000000002,0.5404353453130596,1.7979200747758723e-18,0.5404353453130614,6.19763419594125e-19
40,thesis,1.5,0.5364041952179227,-1.1831048496060055e-18,0.5364041952179243,-3.548773572697456e-18
40,thesis,1.55,0.532257015550329,-3.834395729489412e-19,0.5322570155503308,3.069845924196591e-18
40,thesis,1.6,0.5279959073874195,1.6234395594476133e-18,0.5279959073874212,-6.329255175010811e-19
40,thesis,1.6500000000000001,0.523623042952417,-3.3481078278981948e-18,0.5236230429524183,-1.045311448805718e-18
40,thesis,1.7000000000000002,0.5191406649916435,2.617237508425973e-18,0.5191406649916451,1.1810220088236043e-18
40,thesis,1.75,0.5145510860248602,1.81227165840367e-18,0.514551086024862,8.426224202281606e-19
40,thesis,1.8,0.5098566874643539,1.9890136855266507e-18,0.5098566874643552,-4.212665423610132e-19
40,thesis,1.85,0.5050599185987911,-3.36181090192559e-19,0.5050599185987928,2.924791531979291e-18
40,thesis,1.9000000000000001,0.5001632954384538,2.639086657126111e-19,0.5001632954384553,-5.879765230149507e-19
40,thesis,1.9500000000000002,0.4951693994191209,-9.792279896688316e-19,0.49516939941912236,2.5886782705969435e-18
40,thesis,2.0,0.49008087596253014,-7.07224534481794e-19,0.4900808759625317,-9.517242343014698e-19
40,thesis,2.0500000000000003,0.4849004328920454,-1.170660744470753e-18,0.4849004328920469,1.5537065794481444e-18
40,thesis,2.1,0.4796308387028654,-1.0551912940420252e-18,0.47963083870286666,1.1832454703101453e-18
40,thesis,2.15,0.4742749206868357,6.456971861590919e-20,0.4742749206868372,-4.506648722033864e-18
40,thesis,2.2,0.4688355629126588,-2.4151821001976085e-18,0.46883556291266015,6.286142521484395e-19
40,thesis,2.25,0.4633157040630277,-4.561232716294984e-18,0.46331570406302913,-1.9726338550368676e-18
40,thesis,2.3000000000000003,0.457718335130953,-1.1570205361697516e-18,0.4577183351309543,4.058607997605724e-18
40,thesis,2.35,0.45204649697826926,-1.4562150724526315e-18,0.4520464969782706,6.232005204754103e-18
40,thesis,2.4000000000000004,0.4463032777600288,2.2604199163116253e-19,0.4463032777600302,-2.967298689297183e-18
40,thesis,2.45,0.44049181021918615,1.020813667784363e-18,0.44049181021918726,9.218133833515346e-19
40,thesis,2.5,0.4346152688566489,-7.851962333822637e-19,0.4346152688566501,2.083330473331145e-18
40,thesis,2.5500000000000003,0.42867686698242474,-1.9381238798811237e-18,0.428676866982426,-3.0986020310114006e-18
40,thesis,2.6,0.42267985365420635,2.583400858288886e-18,0.4226798536542075,-1.838782797035988e-18
40,thesis,2.6500000000000004,0.4166275105103171,-5.388234657835697e-18,0.41662751051031827,-2.587794841702755e-18
40,thesis,2.7,0.4105231485044882,-5.2519516888339105e-18,0.41052314850448945,5.8302369637921954e-18
40,thesis,2.75,0.40437010455042705,3.034760231336976e-20,0.4043701045504283,5.725082455601908e-19
40,thesis,2.8000000000000003,0.39817173808459944,1.2498765230125499e-18,0.3981717380846006,-3.1663150359550903e-19
40,thesis,2.85,0.3919314275560457,-2.5133518952953972e-18,0.391931427556047,4.655875413260861e-18
40,thesis,2.9000000000000004,0.385652566852407,-4.976421135514946e-18,0.3856525668524082,1.8966688963024277e-18
40,thesis,2.95,0.37933856167163726,-4.218138050542685e-18,0.3793385616716383,4.462196035915244e-18
40,thesis,3.0,0.37299282584912513,-1.3149664968746772e-17,0.3729928258491261,-1.2476878031117215e-18
40,thesis,3.0500000000000003,0.3666187776501395,-1.3208750893491505e-18,0.36661877765014056,-4.720005071790895e-18
40,thesis,3.1,0.3602198360376533,3.705769144264084e-21,0.3602198360376542,-1.2402679930171212e-18
40,thesis,3.1500000000000004,0.3537994169256741,3.0384693092012627e-18,0.35379941692567507,-1.7637806765345818e-18
40,thesis,3.2,0.3473609294282498,2.4901114288054035e-19,0.3473609294282507,-4.0384678040513045e-18
40,thesis,3.25,0.340907772114278,-5.041781638796433e-18,0.3409077721142787,1.038682092504465e-17
40,thesis,3.3000000000000003,0.3344433292781793,-6.383518223191458e-20,0.33444332927818016,-5.568923990841817e-18
40,thesis,3.35,0.3279709672363633,-7.026141606196844e-18,0.3279709672363642,-1.2604048778491129e-18
40,thesis,3.4000000000000004,0.3214940306592347,-2.7928032847178588e-18,0.3214940306592357,6.676340160037984e-18
40,thesis,3.45,0.31501583894827206,-6.101383459864353e-19,0.3150158389482729,3.4830921233381594e-19
40,thesis,3.5,0.30853968266743775,-2.005909676718613e-18,0.3085396826674385,-4.579146139640466e-18
40,thesis,3.5500000000000003,0.3020688200378768,-5.570363285107617e-18,0.30206882003787755,-2.9504275135235548e-18
40,thesis,3.6,0.29560647350451597,1.9924497937912083e-18,0.29560647350451674,-3.950019035512356e-19
40,thesis,3.6500000000000004,0.289155826382795,3.0095510749864115e-18,0.28915582638279586,-1.1164774364983449e-17
40,thesis,3.7,0.2827200195933597,2.3005315585753587e-18,0.28272001959336035,-6.738345618754986e-18
40,thesis,3.75,0.27630214849210366,-7.116562373316239e-18,0.27630214849210444,6.3148688497972104e-18
40,thesis,3.8000000000000003,0.26990525980249275,-1.8888636200423584e-18,0.26990525980249347,-5.937522289240348e-18
40,thesis,3.85,0.2635323486566257,-2.3779424290204612e-18,0.26353234865662634,1.3897097512033754e-18
40,thesis,3.9000000000000004,0.2571863557509863,-5.375360418781915e-18,0.2571863557509871,1.0024833454101515e-18
40,thesis,3.95,0.2508701646223431,1.8287308982353094e-20,0.2508701646223436,2.653648344629302e-18
40,thesis,4.0,0.24458659904872215,-5.979294910174231e-18,0.24458659904872268,3.0943635575526543e-18
40,thesis,4.05,0.23833842057987104,1.884830287375611e-18,0.2383384205798716,-1.6614352737046235e-18
40,thesis,4.1000000000000005,0.23212832620109167,4.546207807648623e-18,0.23212832620109228,-8.888029212102696e-18
40,thesis,4.15,0.2259589461338036,-5.183798623804434e-18,0.22595894613380418,-4.8896300369249426e-20
40,thesis,4.2,0.21983284177567072,4.6701326982988676e-18,0.21983284177567117,9.331126705190036e-19
40,thesis,4.25,0.21375250378261118,-1.014488052204022e-17,0.21375250378261165,-1.0408579083877273e-17
40,thesis,4.3,0.20772035029450087,-5.474770984798537e-18,0.20772035029450134,-1.2526823196503067e-17
40,thesis,4.3500000000000005,0.20173872530588027,-6.315808526973052e-18,0.20173872530588077,-1.2546675531205857e-19
40,thesis,4.4,0.19580989718249547,-5.379784180697847e-18,0.1958098971824959,-3.654880992953317e-18
40,thesis,4.45,0.1899360573240265,2.8817185831224693e-18,0.1899360573240269,-2.125768147477591e-18
40,thesis,4.5,0.18411931897291148,-4.9078147755097906e-18,0.18411931897291184,-1.1631879948169835e-18
40,thesis,4.55,0.17836171616873175,-8.269456932590594e-18,0.1783617161687322,-1.3396395161088212e-17
40,thesis,4.6000000000000005,0.17266520284721198,2.687939944103642e-19,0.17266520284721235,-5.739329814472645e-18
40,thesis,4.65,0.16703165208249174,1.0968216399106464e-18,0.16703165208249207,-9.855142314520094e-18
40,thesis,4.7,0.1614628554709507,-4.734967114710709e-18,0.161462855470951,2.698527855943977e-18
40,thesis,4.75,0.15596052265451882,9.766481787744228e-18,0.15596052265451907,-7.668692197305775e-19
40,thesis,4.800000000000001,0.15052628098107118,3.3389178512927795e-18,0.15052628098107146,3.991556737152169e-18
40,thesis,4.8500000000000005,0.14516167529920207,-5.158238742876544e-18,0.1451616752992024,3.6168306847756987e-19
40,thesis,4.9,0.13986816788438722,-5.583819859312626e-18,0.13986816788438744,-4.3650056226627415e-18
40,thesis,4.95,0.1346471384932853,-1.0032986146218946e-17,0.1346471384932855,-8.337623232509913e-18
40,thesis,5.0,0.12949988454269015,-4.464902570879496e-18,0.12949988454269035,-1.1295832861236354e-17
40,thesis,5.050000000000001,0.12442762140943023,-1.6994194074330104e-18,0.12442762140943045,-3.241515679803419e-18
40,thesis,5.1000000000000005,0.11943148284732133,-1.3496477397762178e-17,0.11943148284732151,9.33456777653824e-19
40,thesis,5.15,0.11451252151710552,-3.0071191639854424e-18,0.1145125215171057,9.944497673010338e-19
40,thesis,5.2,0.10967170962516358,4.668640464473824e-18,0.10967170962516375,-2.2958232465286942e-18
40,thesis,5.25,0.10490993966665665,5.9021057241332974e-18,0.10490993966665683,-2.453212556040384e-18
40,thesis,5.300000000000001,0.10022802526864678,-3.561965449106411e-18,0.10022802526864696,-1.6935364989165839e-18
40,thesis,5.3500000000000005,0.09562670212865686,-4.399515597818404e-18,0.09562670212865701,-1.3787823644393206e-17
40,thesis,5.4,0.09110662904405892,-1.6915181782219038e-18,0.0911066290440591,1.2751882497566306e-18
40,thesis,5.45,0.08666838902762956,-9.075958029829794e-18,0.08666838902762966,-8.634375931624537e-18
40,thesis,5.5,0.08231249050457254,-3.754202223463735e-18,0.08231249050457266,-2.7088047478743694e-18
40,thesis,5.550000000000001,0.07803936858629094,7.003837508160327e-19,0.07803936858629108,-8.421366997724782e-18
40,thesis,5.6000000000000005,0.07384938641618484,-4.622278645501384e-18,0.07384938641618494,-4.074883603338344e-18
40,thesis,5.65,0.06974283658275972,3.074464900740442e-20,0.06974283658275982,-6.503221183998017e-18
40,thesis,5.7,0.0657199425953546,-5.9686375151620955e-18,0.06571994259535471,-8.711747097400297e-18
40,thesis,5.75,0.0617808604178304,-4.418865006707245e-18,0.06178086041783052,-1.1916026414749012e-17
40,thesis,5.800000000000001,0.05792568005560804,-3.0062125740340843e-18,0.05792568005560815,-1.2872942034574858e-17
40,thesis,5.8500000000000005,0.05415442719149998,-1.1615296631249182e-17,0.0541544271915001,-5.81956633389029e-18
40,thesis,5.9,0.05046706486584516,-7.593160681212137e-18,0.050467064865845276,-8.514414890469648e-18
40,thesis,5.95,0.046863495196533524,-1.457215960993809e-18,0.04686349519653367,-7.38570378358389e-18
40,thesis,6.0,0.04334356113458721,-6.227240644425774e-18,0.04334356113458737,-1.1680470191712288e-17
40,thesis,6.050000000000001,0.039907048251056405,9.880540068048236e-19,0.03990704825105656,-7.479509373769854e-18
40,thesis,6.1000000000000005,0.03655368655108497,-3.243785463404215e-18,0.03655368655108511,-8.260225596954553e-18
40,thesis,6.15,0.03328315231110142,1.5914293241030537e-18,0.03328315231110157,-6.8531516703324495e-18
40,thesis,6.2,0.03009506993520124,-5.491936636870237e-18,0.030095069935201408,-1.046837431599751e-17
40,thesis,6.25,0.0269890138268953,-2.5703016261084404e-18,0.02698901382689548,-8.955474210527823e-18
40,thesis,6.300000000000001,0.023964510272517302,-2.783389969347001e-18,0.02396451027251749,-1.9854035384612092e-17
40,thesis,6.3500000000000005,0.021021039332701923,-3.2041204986710727e-18,0.021021039332702166,-5.462197839487781e-18
40,thesis,6.4,0.018158036738466173,-7.707139552177046e-18,0.018158036738466384,-1.2773243609705067e-17
40,thesis,6.45,0.015374895788552391,-3.0074434187855648e-18,0.015374895788552655,-9.231329018646907e-18
40,thesis,6.5,0.012670969244817422,6.06519265370425e-18,0.012670969244817648,-6.2795316940289774e-18
40,thesis,6.550000000000001,0.010045571222577848,-2.7617178372981125e-18,0.010045571222578145,-1.3635370948777235e-17
40,thesis,6.6000000000000005,0.0074979790729537785,-5.490321980314534e-18,0.007497979072954064,-9.513741714662311e-18
40,thesis,6.65,0.0050274352543780345,7.335768544365585e-19,0.005027435254378357,-4.961316817529771e-18
40,thesis,6.7,0.0026331491905723465,4.054971711632982e-18,0.0026331491905727047,-8.030805399701746e-18
40,thesis,6.75,0.0003142991124168494,4.140469099746742e-19,0.00031429911241722677,-1.062031746835615e-17
40,thesis,6.800000000000001,-0.0019299661187279638,-4.175826107849367e-18,-0.0019299661187275646,-5.352937206736877e-18
40,thesis,6.8500000000000005,-0.004100525208561553,-8.206756642158799e-19,-0.004100525208561137,1.8497545206808632e-18
40,thesis,6.9,-0.006198282650431629,-4.93212065062905e-18,-0.006198282650431189,-4.436063746003499e-18
40,thesis,6.95,-0.008224166971029845,-1.515618551834778e-17,-0.008224166971029359,-1.525168848315075e-17
40,thesis,7.0,-0.010179129003129221,2.5029161846877547e-19,-0.01017912900312872,-9.77000888587614e-18
40,thesis,7.050000000000001,-0.012064140187173722,-6.018830834731547e-19,-0.012064140187173193,-1.3483632937210507e-17
40,thesis,7.1000000000000005,-0.013880190903407592,7.116797292610531e-19,-0.013880190903407016,-1.0591213945684084e-17
40,thesis,7.15,-0.015628288836113464,1.0444908856380881e-18,-0.015628288836112843,-7.879762219849563e-18
40,thesis,7.2,-0.017309457371407527,2.160820753115152e-18,-0.017309457371406878,-1.7198401806512648e-17
40,thesis,7.25,-0.01892473402992613,-8.970125233537314e-18,-0.01892473402992546,-8.758697868968808e-18
40,thesis,7.300000000000001,-0.02047516893562276,-1.5493820792056966e-18,-0.020475168935622016,-5.470171860592792e-18
40,thesis,7.3500000000000005,-0.021961823321783213,-5.3010829084971055e-18,-0.02196182332178247,-1.123663981660206e-17
40,thesis,7.4,-0.023385768075258554,-5.539727823941104e-18,-0.02338576807525776,-1.829548814421928e-17
40,thesis,7.45,-0.024748082319806422,-3.1201451228846935e-18,-0.02474808231980559,-1.0315451781793606e-17
40,thesis,7.5,-0.026049852039330947,4.916695386566471e-19,-0.026049852039330093,-1.573103633940278e-17
40,thesis,7.550000000000001,-0.02729216874170693,-6.607512115628657e-18,-0.027292168741706004,-1.897923563855561e-17
40,thesis,7.6000000000000005,-0.028476128163777738,-3.0422445615169004e-18,-0.028476128163776787,-2.929761233099535e-18
40,thesis,7.65,-0.029602829018020083,-9.296517468360698e-19,-0.029602829018019125,-5.4808722689967774e-18
40,thesis,7.7,-0.030673371781276323,-2.1330870415374182e-18,-0.03067337178127526,-8.366859104079989e-18
40,thesis,7.75,-0.031688857525864866,-1.0383896014398412e-18,-0.031688857525863756,-1.507008594274841e-17
40,thesis,7.800000000000001,-0.03265038679329386,7.155853452412563e-18,-0.0326503867932927,-7.268138257482954e-18
40,thesis,7.8500000000000005,-0.033559058510717804,-1.158083297820778e-17,-0.03355905851071662,-8.760206646406103e-18
40,thesis,7.9,-0.03441596895019844,3.94896686177308e-18,-0.034415968950197204,-1.1438167483599578e-17
40,thesis,7.95,-0.035222210730751616,-1.892264986721181e-18,-0.03522221073075032,-4.865198430351109e-18
40,thesis,8.0,-0.03597887186308916,-2.984930871234104e-19,-0.03597887186308782,-1.3580016022185185e-17
40,thesis,8.05,-0.03668703483689293,-1.9279925717383504e-19,-0.03668703483689153,3.4476226186719978e-18
40,thesis,8.1,-0.03734777575038971,4.008834885787217e-18,-0.037347775750388286,1.3344937909542324e-18
40,thesis,8.15,-0.03796216348193211,-7.048042040094801e-18,-0.03796216348193062,-1.4291589872327803e-17
40,thesis,8.200000000000001,-0.03853125890322665,-3.2159657250428405e-18,-0.03853125890322512,-6.192690964600709e-18
40,thesis,8.25,-0.039056114133793875,-6.83727642001608e-19,-0.03905611413379229,-1.459025501301865e-17
40,thesis,8.3,-0.03953777183618828,-6.2914563297395e-18,-0.03953777183618667,-3.805063904968446e-18
40,thesis,8.35,-0.03997726455145345,-1.2836585792291682e-18,-0.03997726455145175,-8.863471874077223e-18
40,thesis,8.4,-0.04037561407423957,-3.0090183706718754e-18,-0.04037561407423782,-7.788004728860279e-18
40,thesis,8.450000000000001,-0.04073383086696246,3.548068814815577e-18,-0.040733830866960655,-4.845650498115255e-18
40,thesis,8.5,-0.041052913512341214,5.364921399451548e-18,-0.04105291351233938,-9.39253659386614e-18
40,thesis,8.55,-0.041333848203610996,-2.2670307437669103e-18,-0.04133384820360908,-9.040872336967796e-18
40,thesis,8.6,-0.041577608271668474,1.5752165840971916e-19,-0.04157760827166648,4.287105061294915e-18
40,thesis,8.65,-0.04178515374837581,-2.0905368708276963e-18,-0.04178515374837378,-7.383936925795475e-18
40,thesis,8.700000000000001,-0.041957430965213725,1.6839147340313701e-18,-0.04195743096521164,-2.7832973251200646e-20
40,thesis,8.75,-0.04209537218644799,3.0921930356253498e-18,-0.04209537218644588,-7.068556119286158e-18
40,thesis,8.8,-0.04219989527594553,9.858470889305189e-19,-0.042199895275943346,-1.3921251185920605e-18
40,thesis,8.85,-0.04227190339675312,4.165529363584357e-18,-0.04227190339675087,-2.310824994117955e-18
40,thesis,8.9,-0.042312284742530605,6.723198287377919e-18,-0.04231228474252833,1.798284034245366e-18
40,thesis,8.950000000000001,-0.042321912299911335,-2.831684082230311e-18,-0.042321912299909,-1.5734457558416297e-17
40,thesis,9.0,-0.042301643640846556,5.616908738176023e-18,-0.04230164364084419,-7.441851149202762e-18
40,thesis,9.05,-0.04225232074397613,2.1803223632366906e-18,-0.04225232074397369,-7.79577195481215e-18
40,thesis,9.1,-0.04217476984405642,2.3168998085367017e-19,-0.04217476984405393,-6.730973785135915e-18
40,thesis,9.15,-0.042069801308467346,1.1396431258612755e-18,-0.04206980130846482,-5.0306279354168115e-18
40,thesis,9.200000000000001,-0.041938209539811686,-3.624374571960689e-20,-0.04193820953980912,-5.0686583912595495e-18
40,thesis,9.25,-0.0417807729036165,-2.323821655902356e-18,-0.041780772903613886,-1.1552047092890977e-17
40,thesis,9.3,-0.04159825368014206,1.535975135837624e-19,-0.04159825368013939,-5.2848569336013085e-18
40,thesis,9.35,-0.041391398039303647,-2.8688608876808973e-18,-0.04139139803930089,-1.4931801196664374e-18
40,thesis,9.4,-0.041160936037711815,2.2615581168342957e-18,-0.04116093603770905,-6.3402732207699675e-18
40,thesis,9.450000000000001,-0.04090758163684085,1.713748822620424e-17,-0.04090758163683803,-3.8823490439604985e-18
40,thesis,9.5,-0.040632032741338996,7.852412320076105e-18,-0.040632032741336116,-9.947045389297184e-18
40,thesis,9.55,-0.0403349712565023,8.294001035726313e-18,-0.040334971256499395,-9.399028307313453e-18
40,thesis,9.600000000000001,-0.04001706316394267,5.4012048498405656e-18,-0.040017063163939735,-1.3508329241578886e-17
40,thesis,9.65,-0.0396789586144914,1.6296384509580836e-18,-0.039678958614488447,-3.915674496479034e-18
40,thesis,9.700000000000001,-0.03932129203739326,-3.224813248874605e-19,-0.039321292037390244,-6.776389309487525e-18
40,thesis,9.75,-0.03894468226486079,-7.120238363958331e-19,-0.03894468226485772,-8.77684952033079e-19
40,thesis,9.8,-0.03854973267107635,-3.78403366507487e-18,-0.038549732671073235,-1.4217024503189816e-17
40,thesis,9.850000000000001,-0.03813703132474745,1.2864465087657407e-17,-0.0381370313247443,-6.014364059424073e-18
40,thesis,9.9,-0.03770715115434303,9.11013051529563e-18,-0.037707151154339855,-3.2233640284415518e-18
40,thesis,9.950000000000001,-0.03726065012516021,1.1360822787603414e-17,-0.03726065012515697,-1.0701996590762199e-18
40,thesis,10.0,-0.036798071427397216,-1.5210263278073975e-18,-0.03679807142739397,-1.266403591651336e-17
40,thesis,10.05,-0.03631994367443303,2.7744564187314704e-18,-0.03631994367442972,-4.550717596348244e-18
40,thesis,10.100000000000001,-0.03582678111054359,-2.668352307197965e-19,-0.035826781110540246,-1.2085413151865166e-17
40,thesis,10.15,-0.035319083827313816,4.4461818192562385e-18,-0.03531908382731051,-8.763786684097228e-18
40,thesis,10.200000000000001,-0.03479733798803579,3.0089191089984e-18,-0.0347973379880324,-1.1066366341869239e-17
40,thesis,10.25,-0.03426201605941407,1.388063992656655e-17,-0.034262016059410684,-7.973372595410958e-18
40,thesis,10.3,-0.033713577049935634,4.660587034029982e-18,-0.03371357704993221,-2.325065735543664e-18
40,thesis,10.350000000000001,-0.03315246675429098,6.243797491566676e-18,-0.03315246675428752,2.897137229740414e-18
40,thesis,10.4,-0.032579118003270915,1.354639940209102e-17,-0.03257911800326747,-1.8865806015517537e-18
40,thesis,10.450000000000001,-0.03199395091859547,7.32911139479545e-18,-0.03199395091859194,-9.130982084176866e-18
40,thesis,10.5,-0.03139737317216503,1.9204996388778472e-17,-0.031397373172161534,7.30817379913039e-19
40,thesis,10.55,-0.030789780249258585,1.1090070029502552e-17,-0.030789780249255067,3.298935249204372e-18
40,thesis,10.600000000000001,-0.0301715557152333,1.0207607282251428e-18,-0.030171555715229694,-6.605229097138049e-18
40,thesis,10.65,-0.029543071485312065,1.6695313866680335e-17,-0.029543071485308492,2.4633074682359533e-18
40,thesis,10.700000000000001,-0.028904688097073784,2.7110679140303424e-19,-0.028904688097070207,-7.555897848977893e-18
40,thesis,10.75,-0.0282567549852864,1.142799647078802e-19,-0.028256754985282802,-9.013135316667662e-18
40,thesis,10.8,-0.027599610758747124,1.1876179470281094e-17,-0.02759961075874349,-5.381091126065723e-18
40,thesis,10.850000000000001,-0.026933583478814544,6.580979470300437e-18,-0.026933583478810894,-1.1511809719173941e-17
40,thesis,10.9,-0.026258990939333808,5.881055631905043e-19,-0.026258990939330127,-8.819750415620113e-18
40,thesis,10.950000000000001,-0.02557614094766902,5.255184310667794e-18,-0.025576140947665336,-8.588705635644251e-18
40,thesis,11.0,-0.02488533160656704,1.4096712737455194e-17,-0.024885331606563338,-1.19861514783588e-17
40,thesis,11.05,-0.02418685159657971,-5.709597634535005e-19,-0.02418685159657602,-9.481230207866518e-18
40,thesis,11.100000000000001,-0.02348098045877371,1.231729503862092e-17,-0.02348098045876999,-3.493699887513678e-18
40,thesis,11.15,-0.022767988877450684,1.2106003331672825e-17,-0.022767988877446948,-2.0936073652615228e-18
40,thesis,11.200000000000001,-0.02204813896259264,3.514078309084526e-18,-0.022048138962588937,-1.2609944921897287e-17
40,thesis,11.25,-0.021321684531733543,1.055103612897114e-17,-0.021321684531729824,4.983223868872599e-18
40,thesis,11.3,-0.02058887139093807,8.31647387860814e-18,-0.02058887139093433,-5.761306348986945e-18
40,thesis,11.350000000000001,-0.019849937614549052,-1.9395532479796388e-18,-0.019849937614545312,7.693673051804637e-19
40,thesis,11.4,-0.01910511382333496,2.83218039059786e-18,-0.019105113823331236,-1.4768317220399323e-18
40,thesis,11.450000000000001,-0.018354623460640977,3.383049591333674e-18,-0.018354623460637258,6.802190727154257e-18
40,thesis,11.5,-0.01759868306611329,-5.418909823671639e-18,-0.017598683066109563,-1.2849026588704778e-18
40,thesis,11.55,-0.016837502546529104,9.290697425571043e-18,-0.016837502546525367,3.3335014726417423e-18
40,thesis,11.600000000000001,-0.016071285443228903,1.994530649340117e-17,-0.01607128544322516,5.292050096208048e-18
40,thesis,11.65,-0.015300229195607053,9.780186516132945e-19,-0.015300229195603306,-5.0845568026328094e-18
40,thesis,11.700000000000001,-0.014524525400077109,1.634424848854547e-17,-0.01452452540007338,-1.7211709488207446e-18
40,thesis,11.75,-0.013744360063890588,3.834478447550778e-19,-0.013744360063886888,-7.262831066672801e-18
40,thesis,11.8,-0.012959913853148385,6.132108256537304e-18,-0.012959913853144654,-5.4411841432064716e-18
40,thesis,11.850000000000001,-0.012171362334309283,8.34275175230772e-18,-0.01217136233430556,5.753405119775774e-19
40,thesis,11.9,-0.011378876208467613,-1.1317187355930054e-18,-0.011378876208463931,3.5077421055923148e-19
40,thesis,11.950000000000001,-0.010582621537642584,5.295687209361445e-18,-0.010582621537638864,-1.6529455882057327e-17
40,thesis,12.0,-0.009782759962299615,8.131992749674108e-18,-0.009782759962295943,3.3275126850068603e-18
